scenario,run_tag,m_med,m_dm,lambda,width,xsec_pb,nevents
S3M_br,mMed10_mDM1_lam1p0,10.0,1.0,1.0,0.1949847,13549.0592446,10000
S3M_br,mMed10_mDM1_lam1p5,10.0,1.0,1.5,0.4387156,15690.6773388,10000
S3M_br,mMed10_mDM1_lam2p0,10.0,1.0,2.0,0.7799388,18743.383753,10000
S3M_br,mMed10_mDM1_lam2p2,10.0,1.0,2.2,0.9437259,20376.757028,10000
S3M_br,mMed10_mDM1_lam2p5,10.0,1.0,2.5,1.218654,23333.866539000002,10000
S3M_br,mMed10_mDM1_lam3p0,10.0,1.0,3.0,1.754862,29240.09109,10000
S3M_br,mMed10_mDM1_lam3p5,10.0,1.0,3.5,2.388563,37461.22771,10000
S3M_br,mMed10_mDM1_lam4p0,10.0,1.0,4.0,3.119755,47945.12268,10000
S3M_br,mMed10_mDM1_lam4p5,10.0,1.0,4.5,3.94844,61383.19741,10000
S3M_br,mMed10_mDM1_lam5p0,10.0,1.0,5.0,4.874617,79211.2066,10000
S3M_br,mMed50_mDM1_lam1p0,50.0,1.0,1.0,0.9939228,3341.83335356,10000
S3M_br,mMed50_mDM1_lam1p5,50.0,1.0,1.5,2.236326,3841.8469656,10000
S3M_br,mMed50_mDM1_lam2p0,50.0,1.0,2.0,3.975691,4586.2599905,10000
S3M_br,mMed50_mDM1_lam2p2,50.0,1.0,2.2,4.810586,4932.416803,10000
S3M_br,mMed50_mDM1_lam2p5,50.0,1.0,2.5,6.212017,6100.423213,10000
S3M_br,mMed50_mDM1_lam3p0,50.0,1.0,3.0,8.945305,7671.270803,10000
S3M_br,mMed50_mDM1_lam3p5,50.0,1.0,3.5,12.17555,9642.110166,10000
S3M_br,mMed50_mDM1_lam4p0,50.0,1.0,4.0,15.90276,11878.78154,10000
S3M_br,mMed50_mDM1_lam4p5,50.0,1.0,4.5,20.12694,14768.820109999999,10000
S3M_br,mMed50_mDM1_lam5p0,50.0,1.0,5.0,24.84807,18321.937850000002,10000
S3M_br,mMed50_mDM10_lam1p0,50.0,10.0,1.0,0.9167325,3034.14039939,10000
S3M_br,mMed50_mDM10_lam1p5,50.0,10.0,1.5,2.062648,3499.0004696,10000
S3M_br,mMed50_mDM10_lam2p0,50.0,10.0,2.0,3.66693,4172.2787382,10000
S3M_br,mMed50_mDM10_lam2p2,50.0,10.0,2.2,4.436985,4511.705002,10000
S3M_br,mMed50_mDM10_lam2p5,50.0,10.0,2.5,5.729578,5501.824122999999,10000
S3M_br,mMed50_mDM10_lam3p0,50.0,10.0,3.0,8.250592,6877.504415,10000
S3M_br,mMed50_mDM10_lam3p5,50.0,10.0,3.5,11.22997,8610.530986,10000
S3M_br,mMed50_mDM10_lam4p0,50.0,10.0,4.0,14.66772,10745.53782,10000
S3M_br,mMed50_mDM10_lam4p5,50.0,10.0,4.5,18.56383,13359.667370000001,10000
S3M_br,mMed50_mDM10_lam5p0,50.0,10.0,5.0,22.91831,16439.68853,10000
S3M_br,mMed100_mDM1_lam1p0,100.0,1.0,1.0,1.989039,768.17611662,10000
S3M_br,mMed100_mDM1_lam1p5,100.0,1.0,1.5,4.475338,921.4362138299999,10000
S3M_br,mMed100_mDM1_lam2p0,100.0,1.0,2.0,7.956156,1121.8428458,10000
S3M_br,mMed100_mDM1_lam2p2,100.0,1.0,2.2,9.626948,1228.4497884,10000
S3M_br,mMed100_mDM1_lam2p5,100.0,1.0,2.5,12.43149,1527.6852207,10000
S3M_br,mMed100_mDM1_lam3p0,100.0,1.0,3.0,17.90135,1903.3543389999998,10000
S3M_br,mMed100_mDM1_lam3p5,100.0,1.0,3.5,24.36573,2334.440059,10000
S3M_br,mMed100_mDM1_lam4p0,100.0,1.0,4.0,31.82462,2860.349384,10000
S3M_br,mMed100_mDM1_lam4p5,100.0,1.0,4.5,40.27804,3483.158219,10000
S3M_br,mMed100_mDM1_lam5p0,100.0,1.0,5.0,49.72597,4243.392093,10000
S3M_br,mMed100_mDM10_lam1p0,100.0,10.0,1.0,1.949847,762.99887489,10000
S3M_br,mMed100_mDM10_lam1p5,100.0,10.0,1.5,4.387156,914.24941042,10000
S3M_br,mMed100_mDM10_lam2p0,100.0,10.0,2.0,7.799388,1114.6044112,10000
S3M_br,mMed100_mDM10_lam2p2,100.0,10.0,2.2,9.437259,1213.2234603,10000
S3M_br,mMed100_mDM10_lam2p5,100.0,10.0,2.5,12.18654,1485.9754722,10000
S3M_br,mMed100_mDM10_lam3p0,100.0,10.0,3.0,17.54862,1840.5312787999999,10000
S3M_br,mMed100_mDM10_lam3p5,100.0,10.0,3.5,23.88563,2255.5564640000002,10000
S3M_br,mMed100_mDM10_lam4p0,100.0,10.0,4.0,31.19755,2739.7720990000003,10000
S3M_br,mMed100_mDM10_lam4p5,100.0,10.0,4.5,39.4844,3350.213535,10000
S3M_br,mMed100_mDM10_lam5p0,100.0,10.0,5.0,48.74617,4047.42728,10000
S3M_br,mMed100_mDM50_lam1p0,100.0,50.0,1.0,1.119058,481.70663317000003,10000
S3M_br,mMed100_mDM50_lam1p5,100.0,50.0,1.5,2.517881,572.46244324,10000
S3M_br,mMed100_mDM50_lam2p0,100.0,50.0,2.0,4.476233,691.91394744,10000
S3M_br,mMed100_mDM50_lam2p2,100.0,50.0,2.2,5.416242,748.9120649,10000
S3M_br,mMed100_mDM50_lam2p5,100.0,50.0,2.5,6.994114,840.892078,10000
S3M_br,mMed100_mDM50_lam3p0,100.0,50.0,3.0,10.07152,1042.3666885,10000
S3M_br,mMed100_mDM50_lam3p5,100.0,50.0,3.5,13.70846,1262.3471138,10000
S3M_br,mMed100_mDM50_lam4p0,100.0,50.0,4.0,17.90493,1530.43923,10000
S3M_br,mMed100_mDM50_lam4p5,100.0,50.0,4.5,22.66093,1841.8101809999998,10000
S3M_br,mMed100_mDM50_lam5p0,100.0,50.0,5.0,27.97645,2219.186618,10000
S3M_br,mMed200_mDM1_lam1p0,200.0,1.0,1.0,3.978675,55.152046883,10000
S3M_br,mMed200_mDM1_lam1p5,200.0,1.0,1.5,8.952018,72.07826709999999,10000
S3M_br,mMed200_mDM1_lam2p0,200.0,1.0,2.0,15.9147,97.46893782,10000
S3M_br,mMed200_mDM1_lam2p2,200.0,1.0,2.2,19.25679,110.40233474,10000
S3M_br,mMed200_mDM1_lam2p5,200.0,1.0,2.5,24.86672,137.85519846,10000
S3M_br,mMed200_mDM1_lam3p0,200.0,1.0,3.0,35.80807,187.297165,10000
S3M_br,mMed200_mDM1_lam3p5,200.0,1.0,3.5,48.73876,252.5667723,10000
S3M_br,mMed200_mDM1_lam4p0,200.0,1.0,4.0,63.65879,338.8714606,10000
S3M_br,mMed200_mDM1_lam4p5,200.0,1.0,4.5,80.56816,451.6953302,10000
S3M_br,mMed200_mDM1_lam5p0,200.0,1.0,5.0,99.46687,589.80577,10000
S3M_br,mMed200_mDM10_lam1p0,200.0,10.0,1.0,3.959004,55.162606843,10000
S3M_br,mMed200_mDM10_lam1p5,200.0,10.0,1.5,8.907759,72.35618222000001,10000
S3M_br,mMed200_mDM10_lam2p0,200.0,10.0,2.0,15.83602,96.93210336,10000
S3M_br,mMed200_mDM10_lam2p2,200.0,10.0,2.2,19.16158,109.95008868,10000
S3M_br,mMed200_mDM10_lam2p5,200.0,10.0,2.5,24.74378,136.0724409,10000
S3M_br,mMed200_mDM10_lam3p0,200.0,10.0,3.0,35.63104,183.8120134,10000
S3M_br,mMed200_mDM10_lam3p5,200.0,10.0,3.5,48.4978,248.3307213,10000
S3M_br,mMed200_mDM10_lam4p0,200.0,10.0,4.0,63.34407,330.4471013,10000
S3M_br,mMed200_mDM10_lam4p5,200.0,10.0,4.5,80.16983,438.646475,10000
S3M_br,mMed200_mDM10_lam5p0,200.0,10.0,5.0,98.9751,573.8685839999999,10000
S3M_br,mMed200_mDM50_lam1p0,200.0,50.0,1.0,3.497057,52.421020204,10000
S3M_br,mMed200_mDM50_lam1p5,200.0,50.0,1.5,7.868378,66.515236273,10000
S3M_br,mMed200_mDM50_lam2p0,200.0,50.0,2.0,13.98823,85.78031574,10000
S3M_br,mMed200_mDM50_lam2p2,200.0,50.0,2.2,16.92576,94.87879416999999,10000
S3M_br,mMed200_mDM50_lam2p5,200.0,50.0,2.5,21.85661,110.06699492999999,10000
S3M_br,mMed200_mDM50_lam3p0,200.0,50.0,3.0,31.47351,140.5025539,10000
S3M_br,mMed200_mDM50_lam3p5,200.0,50.0,3.5,42.83895,179.05500410000002,10000
S3M_br,mMed200_mDM50_lam4p0,200.0,50.0,4.0,55.95291,226.232335,10000
S3M_br,mMed200_mDM50_lam4p5,200.0,50.0,4.5,70.8154,287.118688,10000
S3M_br,mMed200_mDM50_lam5p0,200.0,50.0,5.0,87.42642,360.914256,10000
S3M_br,mMed200_mDM100_lam1p0,200.0,100.0,1.0,2.238116,45.9659879328,10000
S3M_br,mMed200_mDM100_lam1p5,200.0,100.0,1.5,5.035762,55.643208771999994,10000
S3M_br,mMed200_mDM100_lam2p0,200.0,100.0,2.0,8.952466,67.990457275,10000
S3M_br,mMed200_mDM100_lam2p2,200.0,100.0,2.2,10.83248,74.19453813,10000
S3M_br,mMed200_mDM100_lam2p5,200.0,100.0,2.5,13.98823,84.04936829,10000
S3M_br,mMed200_mDM100_lam3p0,200.0,100.0,3.0,20.14305,99.07787556,10000
S3M_br,mMed200_mDM100_lam3p5,200.0,100.0,3.5,27.41693,119.77011671999999,10000
S3M_br,mMed200_mDM100_lam4p0,200.0,100.0,4.0,35.80986,144.3041705,10000
S3M_br,mMed200_mDM100_lam4p5,200.0,100.0,4.5,45.32186,173.8618098,10000
S3M_br,mMed200_mDM100_lam5p0,200.0,100.0,5.0,55.95291,210.1663681,10000
S3M_br,mMed500_mDM1_lam1p0,500.0,1.0,1.0,9.947104,0.69184392018,10000
S3M_br,mMed500_mDM1_lam1p5,500.0,1.0,1.5,22.38098,1.1793783798,10000
S3M_br,mMed500_mDM1_lam2p0,500.0,1.0,2.0,39.78842,2.0791702549999997,10000
S3M_br,mMed500_mDM1_lam2p2,500.0,1.0,2.2,48.14399,2.6215653860000003,10000
S3M_br,mMed500_mDM1_lam2p5,500.0,1.0,2.5,62.1694,3.61666461,10000
S3M_br,mMed500_mDM1_lam3p0,500.0,1.0,3.0,89.52394,6.1811461450000005,10000
S3M_br,mMed500_mDM1_lam3p5,500.0,1.0,3.5,121.852,10.104237308,10000
S3M_br,mMed500_mDM1_lam4p0,500.0,1.0,4.0,159.1537,15.72105753,10000
S3M_br,mMed500_mDM1_lam4p5,500.0,1.0,4.5,201.4289,23.56322027,10000
S3M_br,mMed500_mDM1_lam5p0,500.0,1.0,5.0,248.6776,34.23525966,10000
S3M_br,mMed500_mDM10_lam1p0,500.0,10.0,1.0,9.939228,0.692446744,10000
S3M_br,mMed500_mDM10_lam1p5,500.0,10.0,1.5,22.36326,1.1749100805,10000
S3M_br,mMed500_mDM10_lam2p0,500.0,10.0,2.0,39.75691,2.068805385,10000
S3M_br,mMed500_mDM10_lam2p2,500.0,10.0,2.2,48.10586,2.5884154980000003,10000
S3M_br,mMed500_mDM10_lam2p5,500.0,10.0,2.5,62.12017,3.6095474569999997,10000
S3M_br,mMed500_mDM10_lam3p0,500.0,10.0,3.0,89.45305,6.168207475,10000
S3M_br,mMed500_mDM10_lam3p5,500.0,10.0,3.5,121.7555,9.94181511,10000
S3M_br,mMed500_mDM10_lam4p0,500.0,10.0,4.0,159.0276,15.587765560000001,10000
S3M_br,mMed500_mDM10_lam4p5,500.0,10.0,4.5,201.2694,23.64831997,10000
S3M_br,mMed500_mDM10_lam5p0,500.0,10.0,5.0,248.4807,33.98519952,10000
S3M_br,mMed500_mDM50_lam1p0,500.0,50.0,1.0,9.749235,0.6715877228,10000
S3M_br,mMed500_mDM50_lam1p5,500.0,50.0,1.5,21.93578,1.0873984813000002,10000
S3M_br,mMed500_mDM50_lam2p0,500.0,50.0,2.0,38.99694,1.808171477,10000
S3M_br,mMed500_mDM50_lam2p2,500.0,50.0,2.2,47.1863,2.2250376210000002,10000
S3M_br,mMed500_mDM50_lam2p5,500.0,50.0,2.5,60.93272,2.9515635000000002,10000
S3M_br,mMed500_mDM50_lam3p0,500.0,50.0,3.0,87.74311,4.822608737,10000
S3M_br,mMed500_mDM50_lam3p5,500.0,50.0,3.5,119.4281,7.63095033,10000
S3M_br,mMed500_mDM50_lam4p0,500.0,50.0,4.0,155.9878,11.72506348,10000
S3M_br,mMed500_mDM50_lam4p5,500.0,50.0,4.5,197.422,17.30604282,10000
S3M_br,mMed500_mDM50_lam5p0,500.0,50.0,5.0,243.7309,25.023747410000002,10000
S3M_br,mMed500_mDM100_lam1p0,500.0,100.0,1.0,9.167325,0.63147257962,10000
S3M_br,mMed500_mDM100_lam1p5,500.0,100.0,1.5,20.62648,0.9474308213,10000
S3M_br,mMed500_mDM100_lam2p0,500.0,100.0,2.0,36.6693,1.47466385,10000
S3M_br,mMed500_mDM100_lam2p2,500.0,100.0,2.2,44.36985,1.745093276,10000
S3M_br,mMed500_mDM100_lam2p5,500.0,100.0,2.5,57.29578,2.169369669,10000
S3M_br,mMed500_mDM100_lam3p0,500.0,100.0,3.0,82.50592,3.290965537,10000
S3M_br,mMed500_mDM100_lam3p5,500.0,100.0,3.5,112.2997,4.951387733,10000
S3M_br,mMed500_mDM100_lam4p0,500.0,100.0,4.0,146.6772,7.24446335,10000
S3M_br,mMed500_mDM100_lam4p5,500.0,100.0,4.5,185.6383,10.42542765,10000
S3M_br,mMed500_mDM100_lam5p0,500.0,100.0,5.0,229.1831,14.69802025,10000
S3M_br,mMed500_mDM200_lam1p0,500.0,200.0,1.0,7.018733,0.5582905189,10000
S3M_br,mMed500_mDM200_lam1p5,500.0,200.0,1.5,15.79215,0.75432115733,10000
S3M_br,mMed500_mDM200_lam2p0,500.0,200.0,2.0,28.07493,1.0366618028,10000
S3M_br,mMed500_mDM200_lam2p2,500.0,200.0,2.2,33.97067,1.1705024563,10000
S3M_br,mMed500_mDM200_lam2p5,500.0,200.0,2.5,43.86708,1.4054836861000002,10000
S3M_br,mMed500_mDM200_lam3p0,500.0,200.0,3.0,63.1686,1.78246481,10000
S3M_br,mMed500_mDM200_lam3p5,500.0,200.0,3.5,85.97948,2.393438374,10000
S3M_br,mMed500_mDM200_lam4p0,500.0,200.0,4.0,112.2997,3.1836990160000003,10000
S3M_br,mMed500_mDM200_lam4p5,500.0,200.0,4.5,142.1293,4.204140424,10000
S3M_br,mMed500_mDM200_lam5p0,500.0,200.0,5.0,175.4683,5.56619858,10000
S3M_br,mMed750_mDM1_lam1p0,750.0,1.0,1.0,14.92072,0.080067928,10000
S3M_br,mMed750_mDM1_lam1p5,750.0,1.0,1.5,33.57163,0.17285071115,10000
S3M_br,mMed750_mDM1_lam2p0,750.0,1.0,2.0,59.68289,0.3668430783,10000
S3M_br,mMed750_mDM1_lam2p2,750.0,1.0,2.2,72.2163,0.4882520857,10000
S3M_br,mMed750_mDM1_lam2p5,750.0,1.0,2.5,93.25452,0.7393085907,10000
S3M_br,mMed750_mDM1_lam3p0,750.0,1.0,3.0,134.2865,1.384791409,10000
S3M_br,mMed750_mDM1_lam3p5,750.0,1.0,3.5,182.7789,2.387201519,10000
S3M_br,mMed750_mDM1_lam4p0,750.0,1.0,4.0,238.7316,3.897460944,10000
S3M_br,mMed750_mDM1_lam4p5,750.0,1.0,4.5,302.1446,5.889209570999999,10000
S3M_br,mMed750_mDM1_lam5p0,750.0,1.0,5.0,373.0181,9.01414023,10000
S3M_br,mMed750_mDM10_lam1p0,750.0,10.0,1.0,14.91547,0.08011739004,10000
S3M_br,mMed750_mDM10_lam1p5,750.0,10.0,1.5,33.55981,0.17356521583,10000
S3M_br,mMed750_mDM10_lam2p0,750.0,10.0,2.0,59.66188,0.3672118103,10000
S3M_br,mMed750_mDM10_lam2p2,750.0,10.0,2.2,72.19088,0.4949003524,10000
S3M_br,mMed750_mDM10_lam2p5,750.0,10.0,2.5,93.2217,0.7273365256,10000
S3M_br,mMed750_mDM10_lam3p0,750.0,10.0,3.0,134.2392,1.360154941,10000
S3M_br,mMed750_mDM10_lam3p5,750.0,10.0,3.5,182.7145,2.352779694,10000
S3M_br,mMed750_mDM10_lam4p0,750.0,10.0,4.0,238.6475,3.926627009,10000
S3M_br,mMed750_mDM10_lam4p5,750.0,10.0,4.5,302.0383,6.049216009,10000
S3M_br,mMed750_mDM10_lam5p0,750.0,10.0,5.0,372.8868,9.01383113,10000
S3M_br,mMed750_mDM50_lam1p0,750.0,50.0,1.0,14.78844,0.07573214906,10000
S3M_br,mMed750_mDM50_lam1p5,750.0,50.0,1.5,33.27399,0.1552127545,10000
S3M_br,mMed750_mDM50_lam2p0,750.0,50.0,2.0,59.15377,0.318070059,10000
S3M_br,mMed750_mDM50_lam2p2,750.0,50.0,2.2,71.57606,0.4168274802,10000
S3M_br,mMed750_mDM50_lam2p5,750.0,50.0,2.5,92.42776,0.5979460573,10000
S3M_br,mMed750_mDM50_lam3p0,750.0,50.0,3.0,133.096,1.091402066,10000
S3M_br,mMed750_mDM50_lam3p5,750.0,50.0,3.5,181.1584,1.8757480149999999,10000
S3M_br,mMed750_mDM50_lam4p0,750.0,50.0,4.0,236.6151,3.0520728790000002,10000
S3M_br,mMed750_mDM50_lam4p5,750.0,50.0,4.5,299.4659,4.687931128,10000
S3M_br,mMed750_mDM50_lam5p0,750.0,50.0,5.0,369.711,6.948623359999999,10000
S3M_br,mMed750_mDM100_lam1p0,750.0,100.0,1.0,14.39498,0.06979434022,10000
S3M_br,mMed750_mDM100_lam1p5,750.0,100.0,1.5,32.38869,0.12927103908,10000
S3M_br,mMed750_mDM100_lam2p0,750.0,100.0,2.0,57.5799,0.243840519,10000
S3M_br,mMed750_mDM100_lam2p2,750.0,100.0,2.2,69.67168,0.3111487882,10000
S3M_br,mMed750_mDM100_lam2p5,750.0,100.0,2.5,89.96859,0.4284509645,10000
S3M_br,mMed750_mDM100_lam3p0,750.0,100.0,3.0,129.5548,0.746301031,10000
S3M_br,mMed750_mDM100_lam3p5,750.0,100.0,3.5,176.3384,1.2388434990000001,10000
S3M_br,mMed750_mDM100_lam4p0,750.0,100.0,4.0,230.3196,1.9770433639999998,10000
S3M_br,mMed750_mDM100_lam4p5,750.0,100.0,4.5,291.4982,2.995155847,10000
S3M_br,mMed750_mDM100_lam5p0,750.0,100.0,5.0,359.8744,4.422431549,10000
S3M_br,mMed750_mDM200_lam1p0,750.0,200.0,1.0,12.87416,0.060273053378000006,10000
S3M_br,mMed750_mDM200_lam1p5,750.0,200.0,1.5,28.96686,0.09580517257,10000
S3M_br,mMed750_mDM200_lam2p0,750.0,200.0,2.0,51.49664,0.1556873557,10000
S3M_br,mMed750_mDM200_lam2p2,750.0,200.0,2.2,62.31094,0.1868033468,10000
S3M_br,mMed750_mDM200_lam2p5,750.0,200.0,2.5,80.46351,0.231942266,10000
S3M_br,mMed750_mDM200_lam3p0,750.0,200.0,3.0,115.8675,0.3666040679,10000
S3M_br,mMed750_mDM200_lam3p5,750.0,200.0,3.5,157.7085,0.563438966,10000
S3M_br,mMed750_mDM200_lam4p0,750.0,200.0,4.0,205.9866,0.8410845769999999,10000
S3M_br,mMed750_mDM200_lam4p5,750.0,200.0,4.5,260.7018,1.225443557,10000
S3M_br,mMed750_mDM200_lam5p0,750.0,200.0,5.0,321.854,1.751972294,10000
S3M_br,mMed750_mDM500_lam1p0,750.0,500.0,1.0,4.605178,0.0452449638096,10000
S3M_br,mMed750_mDM500_lam1p5,750.0,500.0,1.5,10.36165,0.05728964333,10000
S3M_br,mMed750_mDM500_lam2p0,750.0,500.0,2.0,18.42071,0.07401952908500001,10000
S3M_br,mMed750_mDM500_lam2p2,750.0,500.0,2.2,22.28906,0.081975737098,10000
S3M_br,mMed750_mDM500_lam2p5,750.0,500.0,2.5,28.78236,0.094413480803,10000
S3M_br,mMed750_mDM500_lam3p0,750.0,500.0,3.0,41.4466,0.11934323535000001,10000
S3M_br,mMed750_mDM500_lam3p5,750.0,500.0,3.5,56.41343,0.14961372449,10000
S3M_br,mMed750_mDM500_lam4p0,750.0,500.0,4.0,73.68284,0.18652064722,10000
S3M_br,mMed750_mDM500_lam4p5,750.0,500.0,4.5,93.25485,0.2111839188,10000
S3M_br,mMed750_mDM500_lam5p0,750.0,500.0,5.0,115.1294,0.2621063305,10000
S3M_br,mMed1000_mDM1_lam1p0,1000.0,1.0,1.0,19.89433,0.016117475779,10000
S3M_br,mMed1000_mDM1_lam1p5,1000.0,1.0,1.5,44.76224,0.04504641526,10000
S3M_br,mMed1000_mDM1_lam2p0,1000.0,1.0,2.0,79.57731,0.11323899467000001,10000
S3M_br,mMed1000_mDM1_lam2p2,1000.0,1.0,2.2,96.28855,0.1527795163,10000
S3M_br,mMed1000_mDM1_lam2p5,1000.0,1.0,2.5,124.3396,0.24574737900000002,10000
S3M_br,mMed1000_mDM1_lam3p0,1000.0,1.0,3.0,179.049,0.473353781,10000
S3M_br,mMed1000_mDM1_lam3p5,1000.0,1.0,3.5,243.7055,0.8537196766,10000
S3M_br,mMed1000_mDM1_lam4p0,1000.0,1.0,4.0,318.3092,1.4326185710000001,10000
S3M_br,mMed1000_mDM1_lam4p5,1000.0,1.0,4.5,402.8601,2.170905527,10000
S3M_br,mMed1000_mDM1_lam5p0,1000.0,1.0,5.0,497.3582,3.361323901,10000
S3M_br,mMed1000_mDM10_lam1p0,1000.0,10.0,1.0,19.89039,0.016368565216,10000
S3M_br,mMed1000_mDM10_lam1p5,1000.0,10.0,1.5,44.75338,0.0453694191,10000
S3M_br,mMed1000_mDM10_lam2p0,1000.0,10.0,2.0,79.56156,0.10946353,10000
S3M_br,mMed1000_mDM10_lam2p2,1000.0,10.0,2.2,96.26948,0.1536506501,10000
S3M_br,mMed1000_mDM10_lam2p5,1000.0,10.0,2.5,124.3149,0.24774904729999997,10000
S3M_br,mMed1000_mDM10_lam3p0,1000.0,10.0,3.0,179.0135,0.48467376379999993,10000
S3M_br,mMed1000_mDM10_lam3p5,1000.0,10.0,3.5,243.6573,0.8523412518,10000
S3M_br,mMed1000_mDM10_lam4p0,1000.0,10.0,4.0,318.2462,1.446524457,10000
S3M_br,mMed1000_mDM10_lam4p5,1000.0,10.0,4.5,402.7804,2.249888664,10000
S3M_br,mMed1000_mDM10_lam5p0,1000.0,10.0,5.0,497.2597,3.3970047979999998,10000
S3M_br,mMed1000_mDM50_lam1p0,1000.0,50.0,1.0,19.79502,0.01522194527,10000
S3M_br,mMed1000_mDM50_lam1p5,1000.0,50.0,1.5,44.5388,0.03964712847,10000
S3M_br,mMed1000_mDM50_lam2p0,1000.0,50.0,2.0,79.18008,0.09538071246,10000
S3M_br,mMed1000_mDM50_lam2p2,1000.0,50.0,2.2,95.8079,0.1297567057,10000
S3M_br,mMed1000_mDM50_lam2p5,1000.0,50.0,2.5,123.7189,0.1969973295,10000
S3M_br,mMed1000_mDM50_lam3p0,1000.0,50.0,3.0,178.1552,0.38456212570000003,10000
S3M_br,mMed1000_mDM50_lam3p5,1000.0,50.0,3.5,242.489,0.6794842645,10000
S3M_br,mMed1000_mDM50_lam4p0,1000.0,50.0,4.0,316.7203,1.132883396,10000
S3M_br,mMed1000_mDM50_lam4p5,1000.0,50.0,4.5,400.8492,1.78742352,10000
S3M_br,mMed1000_mDM50_lam5p0,1000.0,50.0,5.0,494.8755,2.642877196,10000
S3M_br,mMed1000_mDM100_lam1p0,1000.0,100.0,1.0,19.49847,0.013475669501,10000
S3M_br,mMed1000_mDM100_lam1p5,1000.0,100.0,1.5,43.87156,0.03153548137,10000
S3M_br,mMed1000_mDM100_lam2p0,1000.0,100.0,2.0,77.99388,0.07074711716,10000
S3M_br,mMed1000_mDM100_lam2p2,1000.0,100.0,2.2,94.37259,0.0958503859,10000
S3M_br,mMed1000_mDM100_lam2p5,1000.0,100.0,2.5,121.8654,0.13992442589999998,10000
S3M_br,mMed1000_mDM100_lam3p0,1000.0,100.0,3.0,175.4862,0.2663621456,10000
S3M_br,mMed1000_mDM100_lam3p5,1000.0,100.0,3.5,238.8563,0.4668171505,10000
S3M_br,mMed1000_mDM100_lam4p0,1000.0,100.0,4.0,311.9755,0.7592488534,10000
S3M_br,mMed1000_mDM100_lam4p5,1000.0,100.0,4.5,394.844,1.189206992,10000
S3M_br,mMed1000_mDM100_lam5p0,1000.0,100.0,5.0,487.4617,1.790899953,10000
S3M_br,mMed1000_mDM200_lam1p0,1000.0,200.0,1.0,18.33465,0.011015528212000001,10000
S3M_br,mMed1000_mDM200_lam1p5,1000.0,200.0,1.5,41.25296,0.021487910479999997,10000
S3M_br,mMed1000_mDM200_lam2p0,1000.0,200.0,2.0,73.3386,0.04134685135,10000
S3M_br,mMed1000_mDM200_lam2p2,1000.0,200.0,2.2,88.7397,0.0530740296,10000
S3M_br,mMed1000_mDM200_lam2p5,1000.0,200.0,2.5,114.5916,0.0723020781,10000
S3M_br,mMed1000_mDM200_lam3p0,1000.0,200.0,3.0,165.0118,0.1275584887,10000
S3M_br,mMed1000_mDM200_lam3p5,1000.0,200.0,3.5,224.5995,0.2134867393,10000
S3M_br,mMed1000_mDM200_lam4p0,1000.0,200.0,4.0,293.3544,0.339008777,10000
S3M_br,mMed1000_mDM200_lam4p5,1000.0,200.0,4.5,371.2767,0.518235275,10000
S3M_br,mMed1000_mDM200_lam5p0,1000.0,200.0,5.0,458.3662,0.763840697,10000
S3M_br,mMed1000_mDM500_lam1p0,1000.0,500.0,1.0,11.19058,0.0076477973343999995,10000
S3M_br,mMed1000_mDM500_lam1p5,1000.0,500.0,1.5,25.17881,0.010765190902599999,10000
S3M_br,mMed1000_mDM500_lam2p0,1000.0,500.0,2.0,44.76233,0.015250661454000001,10000
S3M_br,mMed1000_mDM500_lam2p2,1000.0,500.0,2.2,54.16242,0.017472563324,10000
S3M_br,mMed1000_mDM500_lam2p5,1000.0,500.0,2.5,69.94114,0.021308556464,10000
S3M_br,mMed1000_mDM500_lam3p0,1000.0,500.0,3.0,100.7152,0.0268126322,10000
S3M_br,mMed1000_mDM500_lam3p5,1000.0,500.0,3.5,137.0846,0.03680702478,10000
S3M_br,mMed1000_mDM500_lam4p0,1000.0,500.0,4.0,179.0493,0.05030718384,10000
S3M_br,mMed1000_mDM500_lam4p5,1000.0,500.0,4.5,226.6093,0.0683522053,10000
S3M_br,mMed1000_mDM500_lam5p0,1000.0,500.0,5.0,279.7645,0.0919707503,10000
S3M_br,mMed1000_mDM750_lam1p0,1000.0,750.0,1.0,3.807906,0.00645021056946,10000
S3M_br,mMed1000_mDM750_lam1p5,1000.0,750.0,1.5,8.567789,0.00807233220231,10000
S3M_br,mMed1000_mDM750_lam2p0,1000.0,750.0,2.0,15.23163,0.010297587411,10000
S3M_br,mMed1000_mDM750_lam2p2,1000.0,750.0,2.2,18.43027,0.011352423438,10000
S3M_br,mMed1000_mDM750_lam2p5,1000.0,750.0,2.5,23.79941,0.0131629659829,10000
S3M_br,mMed1000_mDM750_lam3p0,1000.0,750.0,3.0,34.27116,0.016436724184,10000
S3M_br,mMed1000_mDM750_lam3p5,1000.0,750.0,3.5,46.64685,0.020453093970000003,10000
S3M_br,mMed1000_mDM750_lam4p0,1000.0,750.0,4.0,60.9265,0.025135775528,10000
S3M_br,mMed1000_mDM750_lam4p5,1000.0,750.0,4.5,77.1101,0.030751100671,10000
S3M_br,mMed1000_mDM750_lam5p0,1000.0,750.0,5.0,95.19766,0.03751227981,10000
S3M_br,mMed1500_mDM1_lam1p0,1500.0,1.0,1.0,29.84153,0.00193571825,10000
S3M_br,mMed1500_mDM1_lam1p5,1500.0,1.0,1.5,67.14343,0.007674750281,10000
S3M_br,mMed1500_mDM1_lam2p0,1500.0,1.0,2.0,119.3661,0.021869297109999998,10000
S3M_br,mMed1500_mDM1_lam2p2,1500.0,1.0,2.2,144.433,0.03097646407,10000
S3M_br,mMed1500_mDM1_lam2p5,1500.0,1.0,2.5,186.5095,0.046027959699999996,10000
S3M_br,mMed1500_mDM1_lam3p0,1500.0,1.0,3.0,268.5737,0.10411653099,10000
S3M_br,mMed1500_mDM1_lam3p5,1500.0,1.0,3.5,365.5587,0.197599688,10000
S3M_br,mMed1500_mDM1_lam4p0,1500.0,1.0,4.0,477.4644,0.33388584784,10000
S3M_br,mMed1500_mDM1_lam4p5,1500.0,1.0,4.5,604.2909,0.5076836499,10000
S3M_br,mMed1500_mDM1_lam5p0,1500.0,1.0,5.0,746.0381,0.7780191313,10000
S3M_br,mMed1500_mDM10_lam1p0,1500.0,10.0,1.0,29.8389,0.0019406580109000001,10000
S3M_br,mMed1500_mDM10_lam1p5,1500.0,10.0,1.5,67.13752,0.007879850678,10000
S3M_br,mMed1500_mDM10_lam2p0,1500.0,10.0,2.0,119.3556,0.022164578284999997,10000
S3M_br,mMed1500_mDM10_lam2p2,1500.0,10.0,2.2,144.4203,0.032536225035,10000
S3M_br,mMed1500_mDM10_lam2p5,1500.0,10.0,2.5,186.4931,0.05117543268,10000
S3M_br,mMed1500_mDM10_lam3p0,1500.0,10.0,3.0,268.5501,0.10729342661,10000
S3M_br,mMed1500_mDM10_lam3p5,1500.0,10.0,3.5,365.5265,0.1824752842,10000
S3M_br,mMed1500_mDM10_lam4p0,1500.0,10.0,4.0,477.4224,0.33690409022,10000
S3M_br,mMed1500_mDM10_lam4p5,1500.0,10.0,4.5,604.2377,0.5375469103,10000
S3M_br,mMed1500_mDM10_lam5p0,1500.0,10.0,5.0,745.9725,0.795244713,10000
S3M_br,mMed1500_mDM50_lam1p0,1500.0,50.0,1.0,29.77527,0.001695871778,10000
S3M_br,mMed1500_mDM50_lam1p5,1500.0,50.0,1.5,66.99437,0.006513117473,10000
S3M_br,mMed1500_mDM50_lam2p0,1500.0,50.0,2.0,119.1011,0.01890267638,10000
S3M_br,mMed1500_mDM50_lam2p2,1500.0,50.0,2.2,144.1123,0.027112548849999998,10000
S3M_br,mMed1500_mDM50_lam2p5,1500.0,50.0,2.5,186.0955,0.04361230502,10000
S3M_br,mMed1500_mDM50_lam3p0,1500.0,50.0,3.0,267.9775,0.08748430330000001,10000
S3M_br,mMed1500_mDM50_lam3p5,1500.0,50.0,3.5,364.7471,0.1568375025,10000
S3M_br,mMed1500_mDM50_lam4p0,1500.0,50.0,4.0,476.4044,0.2714556809,10000
S3M_br,mMed1500_mDM50_lam4p5,1500.0,50.0,4.5,602.9493,0.43634976610000004,10000
S3M_br,mMed1500_mDM50_lam5p0,1500.0,50.0,5.0,744.3819,0.6598364406,10000
S3M_br,mMed1500_mDM100_lam1p0,1500.0,100.0,1.0,29.57688,0.0013713937323,10000
S3M_br,mMed1500_mDM100_lam1p5,1500.0,100.0,1.5,66.54799,0.004897411017,10000
S3M_br,mMed1500_mDM100_lam2p0,1500.0,100.0,2.0,118.3075,0.013678683930000001,10000
S3M_br,mMed1500_mDM100_lam2p2,1500.0,100.0,2.2,143.1521,0.01967887925,10000
S3M_br,mMed1500_mDM100_lam2p5,1500.0,100.0,2.5,184.8555,0.030738327019999998,10000
S3M_br,mMed1500_mDM100_lam3p0,1500.0,100.0,3.0,266.1919,0.0620739382,10000
S3M_br,mMed1500_mDM100_lam3p5,1500.0,100.0,3.5,362.3168,0.11344470139999999,10000
S3M_br,mMed1500_mDM100_lam4p0,1500.0,100.0,4.0,473.2301,0.19076145930000002,10000
S3M_br,mMed1500_mDM100_lam4p5,1500.0,100.0,4.5,598.9319,0.3011544087,10000
S3M_br,mMed1500_mDM100_lam5p0,1500.0,100.0,5.0,739.4221,0.45886093559999996,10000
S3M_br,mMed1500_mDM200_lam1p0,1500.0,200.0,1.0,28.78995,0.0009450592415,10000
S3M_br,mMed1500_mDM200_lam1p5,1500.0,200.0,1.5,64.77739,0.0028495317559999998,10000
S3M_br,mMed1500_mDM200_lam2p0,1500.0,200.0,2.0,115.1598,0.007294804362,10000
S3M_br,mMed1500_mDM200_lam2p2,1500.0,200.0,2.2,139.3434,0.010139626780000001,10000
S3M_br,mMed1500_mDM200_lam2p5,1500.0,200.0,2.5,179.9372,0.01564089861,10000
S3M_br,mMed1500_mDM200_lam3p0,1500.0,200.0,3.0,259.1096,0.03065382492,10000
S3M_br,mMed1500_mDM200_lam3p5,1500.0,200.0,3.5,352.6769,0.054707959619999996,10000
S3M_br,mMed1500_mDM200_lam4p0,1500.0,200.0,4.0,460.6392,0.0924040388,10000
S3M_br,mMed1500_mDM200_lam4p5,1500.0,200.0,4.5,582.9965,0.1446505561,10000
S3M_br,mMed1500_mDM200_lam5p0,1500.0,200.0,5.0,719.7488,0.21787031269999999,10000
S3M_br,mMed1500_mDM500_lam1p0,1500.0,500.0,1.0,23.57851,0.00047795407684,10000
S3M_br,mMed1500_mDM500_lam1p5,1500.0,500.0,1.5,53.05165,0.0009221382923,10000
S3M_br,mMed1500_mDM500_lam2p0,1500.0,500.0,2.0,94.31404,0.001711318784,10000
S3M_br,mMed1500_mDM500_lam2p2,1500.0,500.0,2.2,114.12,0.002179035026,10000
S3M_br,mMed1500_mDM500_lam2p5,1500.0,500.0,2.5,147.3657,0.0030587209419999997,10000
S3M_br,mMed1500_mDM500_lam3p0,1500.0,500.0,3.0,212.2066,0.0048886408,10000
S3M_br,mMed1500_mDM500_lam3p5,1500.0,500.0,3.5,288.8367,0.00802231169,10000
S3M_br,mMed1500_mDM500_lam4p0,1500.0,500.0,4.0,377.2562,0.0126085259,10000
S3M_br,mMed1500_mDM500_lam4p5,1500.0,500.0,4.5,477.4648,0.01901185698,10000
S3M_br,mMed1500_mDM500_lam5p0,1500.0,500.0,5.0,589.4628,0.02786252501,10000
S3M_br,mMed1500_mDM750_lam1p0,1500.0,750.0,1.0,16.78587,0.00035493830125,10000
S3M_br,mMed1500_mDM750_lam1p5,1500.0,750.0,1.5,37.76821,0.00054352313676,10000
S3M_br,mMed1500_mDM750_lam2p0,1500.0,750.0,2.0,67.14349,0.0008308845813,10000
S3M_br,mMed1500_mDM750_lam2p2,1500.0,750.0,2.2,81.24362,0.0009741664029,10000
S3M_br,mMed1500_mDM750_lam2p5,1500.0,750.0,2.5,104.9117,0.0012370854584,10000
S3M_br,mMed1500_mDM750_lam3p0,1500.0,750.0,3.0,151.0729,0.001621498198,10000
S3M_br,mMed1500_mDM750_lam3p5,1500.0,750.0,3.5,205.6269,0.002369302963,10000
S3M_br,mMed1500_mDM750_lam4p0,1500.0,750.0,4.0,268.574,0.003387725412,10000
S3M_br,mMed1500_mDM750_lam4p5,1500.0,750.0,4.5,339.9139,0.004789477813,10000
S3M_br,mMed1500_mDM750_lam5p0,1500.0,750.0,5.0,419.6468,0.00661422822,10000
S3M_br,mMed1500_mDM1000_lam1p0,1500.0,1000.0,1.0,9.210356,0.000295074438622,10000
S3M_br,mMed1500_mDM1000_lam1p5,1500.0,1000.0,1.5,20.7233,0.000393300287789,10000
S3M_br,mMed1500_mDM1000_lam2p0,1500.0,1000.0,2.0,36.84142,0.00053024000479,10000
S3M_br,mMed1500_mDM1000_lam2p2,1500.0,1000.0,2.2,44.57812,0.00059528055603,10000
S3M_br,mMed1500_mDM1000_lam2p5,1500.0,1000.0,2.5,57.56472,0.0007056916392,10000
S3M_br,mMed1500_mDM1000_lam3p0,1500.0,1000.0,3.0,82.8932,0.0009229422399000001,10000
S3M_br,mMed1500_mDM1000_lam3p5,1500.0,1000.0,3.5,112.8269,0.0011944206469,10000
S3M_br,mMed1500_mDM1000_lam4p0,1500.0,1000.0,4.0,147.3657,0.0015324451877,10000
S3M_br,mMed1500_mDM1000_lam4p5,1500.0,1000.0,4.5,186.5097,0.0017524950257,10000
S3M_br,mMed1500_mDM1000_lam5p0,1500.0,1000.0,5.0,230.2589,0.002253331761,10000
S3M_br,mMed2000_mDM1_lam1p0,2000.0,1.0,1.0,39.78872,0.0005111409951,10000
S3M_br,mMed2000_mDM1_lam1p5,2000.0,1.0,1.5,89.52461,0.0023373550589,10000
S3M_br,mMed2000_mDM1_lam2p0,2000.0,1.0,2.0,159.1549,0.007067338909,10000
S3M_br,mMed2000_mDM1_lam2p2,2000.0,1.0,2.2,192.5774,0.010216096012,10000
S3M_br,mMed2000_mDM1_lam2p5,2000.0,1.0,2.5,248.6795,0.017865655488,10000
S3M_br,mMed2000_mDM1_lam3p0,2000.0,1.0,3.0,358.0984,0.03412685527,10000
S3M_br,mMed2000_mDM1_lam3p5,2000.0,1.0,3.5,487.4118,0.06819859264,10000
S3M_br,mMed2000_mDM1_lam4p0,2000.0,1.0,4.0,636.6195,0.11480073466,10000
S3M_br,mMed2000_mDM1_lam4p5,2000.0,1.0,4.5,805.7215,0.17657975805999998,10000
S3M_br,mMed2000_mDM1_lam5p0,2000.0,1.0,5.0,994.7179,0.27581843469,10000
S3M_br,mMed2000_mDM10_lam1p0,2000.0,10.0,1.0,39.78675,0.0005174537204,10000
S3M_br,mMed2000_mDM10_lam1p5,2000.0,10.0,1.5,89.52018,0.0023981206593,10000
S3M_br,mMed2000_mDM10_lam2p0,2000.0,10.0,2.0,159.147,0.007353086122999999,10000
S3M_br,mMed2000_mDM10_lam2p2,2000.0,10.0,2.2,192.5679,0.010911427250999998,10000
S3M_br,mMed2000_mDM10_lam2p5,2000.0,10.0,2.5,248.6672,0.018191378613,10000
S3M_br,mMed2000_mDM10_lam3p0,2000.0,10.0,3.0,358.0807,0.03533804259,10000
S3M_br,mMed2000_mDM10_lam3p5,2000.0,10.0,3.5,487.3876,0.059749771619999996,10000
S3M_br,mMed2000_mDM10_lam4p0,2000.0,10.0,4.0,636.5879,0.11279208951,10000
S3M_br,mMed2000_mDM10_lam4p5,2000.0,10.0,4.5,805.6816,0.18492192051,10000
S3M_br,mMed2000_mDM10_lam5p0,2000.0,10.0,5.0,994.6687,0.28239717152,10000
S3M_br,mMed2000_mDM50_lam1p0,2000.0,50.0,1.0,39.73902,0.0004343065384,10000
S3M_br,mMed2000_mDM50_lam1p5,2000.0,50.0,1.5,89.41278,0.0020113550374,10000
S3M_br,mMed2000_mDM50_lam2p0,2000.0,50.0,2.0,158.9561,0.006247949987,10000
S3M_br,mMed2000_mDM50_lam2p2,2000.0,50.0,2.2,192.3368,0.009078128121,10000
S3M_br,mMed2000_mDM50_lam2p5,2000.0,50.0,2.5,248.3688,0.014797395642,10000
S3M_br,mMed2000_mDM50_lam3p0,2000.0,50.0,3.0,357.6511,0.02989673439,10000
S3M_br,mMed2000_mDM50_lam3p5,2000.0,50.0,3.5,486.8029,0.05592636143,10000
S3M_br,mMed2000_mDM50_lam4p0,2000.0,50.0,4.0,635.8242,0.09547499096999999,10000
S3M_br,mMed2000_mDM50_lam4p5,2000.0,50.0,4.5,804.7151,0.14988438962,10000
S3M_br,mMed2000_mDM50_lam5p0,2000.0,50.0,5.0,993.4754,0.23111436311,10000
S3M_br,mMed2000_mDM100_lam1p0,2000.0,100.0,1.0,39.59004,0.00033217187332,10000
S3M_br,mMed2000_mDM100_lam1p5,2000.0,100.0,1.5,89.07759,0.0014825223372,10000
S3M_br,mMed2000_mDM100_lam2p0,2000.0,100.0,2.0,158.3602,0.004509701983,10000
S3M_br,mMed2000_mDM100_lam2p2,2000.0,100.0,2.2,191.6158,0.006578653594,10000
S3M_br,mMed2000_mDM100_lam2p5,2000.0,100.0,2.5,247.4378,0.010686519472,10000
S3M_br,mMed2000_mDM100_lam3p0,2000.0,100.0,3.0,356.3104,0.02176815896,10000
S3M_br,mMed2000_mDM100_lam3p5,2000.0,100.0,3.5,484.978,0.04063894223,10000
S3M_br,mMed2000_mDM100_lam4p0,2000.0,100.0,4.0,633.4407,0.06911035363,10000
S3M_br,mMed2000_mDM100_lam4p5,2000.0,100.0,4.5,801.6983,0.10990826269,10000
S3M_br,mMed2000_mDM100_lam5p0,2000.0,100.0,5.0,989.751,0.16795496534,10000
S3M_br,mMed2000_mDM200_lam1p0,2000.0,200.0,1.0,38.99694,0.0001964719793,10000
S3M_br,mMed2000_mDM200_lam1p5,2000.0,200.0,1.5,87.74311,0.000810488056,10000
S3M_br,mMed2000_mDM200_lam2p0,2000.0,200.0,2.0,155.9878,0.002387957974,10000
S3M_br,mMed2000_mDM200_lam2p2,2000.0,200.0,2.2,188.7452,0.0034087202899999998,10000
S3M_br,mMed2000_mDM200_lam2p5,2000.0,200.0,2.5,243.7309,0.0054833823660000005,10000
S3M_br,mMed2000_mDM200_lam3p0,2000.0,200.0,3.0,350.9725,0.011237056959000001,10000
S3M_br,mMed2000_mDM200_lam3p5,2000.0,200.0,3.5,477.7125,0.020384343830000002,10000
S3M_br,mMed2000_mDM200_lam4p0,2000.0,200.0,4.0,623.951,0.034847207059999996,10000
S3M_br,mMed2000_mDM200_lam4p5,2000.0,200.0,4.5,789.688,0.05542019171,10000
S3M_br,mMed2000_mDM200_lam5p0,2000.0,200.0,5.0,974.9235,0.08414303145,10000
S3M_br,mMed2000_mDM500_lam1p0,2000.0,500.0,1.0,34.97057,6.281882873e-05,10000
S3M_br,mMed2000_mDM500_lam1p5,2000.0,500.0,1.5,78.68378,0.0001817507163,10000
S3M_br,mMed2000_mDM500_lam2p0,2000.0,500.0,2.0,139.8823,0.00044345773930000004,10000
S3M_br,mMed2000_mDM500_lam2p2,2000.0,500.0,2.2,169.2576,0.0006089198842,10000
S3M_br,mMed2000_mDM500_lam2p5,2000.0,500.0,2.5,218.5661,0.000905323085,10000
S3M_br,mMed2000_mDM500_lam3p0,2000.0,500.0,3.0,314.7351,0.001765254811,10000
S3M_br,mMed2000_mDM500_lam3p5,2000.0,500.0,3.5,428.3895,0.003128642991,10000
S3M_br,mMed2000_mDM500_lam4p0,2000.0,500.0,4.0,559.5291,0.005185337509,10000
S3M_br,mMed2000_mDM500_lam4p5,2000.0,500.0,4.5,708.154,0.00817813298,10000
S3M_br,mMed2000_mDM500_lam5p0,2000.0,500.0,5.0,874.2642,0.012313506339999999,10000
S3M_br,mMed2000_mDM750_lam1p0,2000.0,750.0,1.0,29.38499,3.6335567882e-05,10000
S3M_br,mMed2000_mDM750_lam1p5,2000.0,750.0,1.5,66.11623,7.743221192e-05,10000
S3M_br,mMed2000_mDM750_lam2p0,2000.0,750.0,2.0,117.54,0.0001543354718,10000
S3M_br,mMed2000_mDM750_lam2p2,2000.0,750.0,2.2,142.2234,0.00019999657939999998,10000
S3M_br,mMed2000_mDM750_lam2p5,2000.0,750.0,2.5,183.6562,0.00028647471419999997,10000
S3M_br,mMed2000_mDM750_lam3p0,2000.0,750.0,3.0,264.4649,0.00047204127089999994,10000
S3M_br,mMed2000_mDM750_lam3p5,2000.0,750.0,3.5,359.9661,0.000794620219,10000
S3M_br,mMed2000_mDM750_lam4p0,2000.0,750.0,4.0,470.1599,0.0012699760520000001,10000
S3M_br,mMed2000_mDM750_lam4p5,2000.0,750.0,4.5,595.0461,0.001934829209,10000
S3M_br,mMed2000_mDM750_lam5p0,2000.0,750.0,5.0,734.6248,0.002857621071,10000
S3M_br,mMed2000_mDM1000_lam1p0,2000.0,1000.0,1.0,22.38116,2.5345059534e-05,10000
S3M_br,mMed2000_mDM1000_lam1p5,2000.0,1000.0,1.5,50.35762,4.3240320619000004e-05,10000
S3M_br,mMed2000_mDM1000_lam2p0,2000.0,1000.0,2.0,89.52466,7.183887686e-05,10000
S3M_br,mMed2000_mDM1000_lam2p2,2000.0,1000.0,2.2,108.3248,8.674124581e-05,10000
S3M_br,mMed2000_mDM1000_lam2p5,2000.0,1000.0,2.5,139.8823,0.00011397208883,10000
S3M_br,mMed2000_mDM1000_lam3p0,2000.0,1000.0,3.0,201.4305,0.0001602823198,10000
S3M_br,mMed2000_mDM1000_lam3p5,2000.0,1000.0,3.5,274.1693,0.0002462432434,10000
S3M_br,mMed2000_mDM1000_lam4p0,2000.0,1000.0,4.0,358.0986,0.0003673463402,10000
S3M_br,mMed2000_mDM1000_lam4p5,2000.0,1000.0,4.5,453.2186,0.0005347212775,10000
S3M_br,mMed2000_mDM1000_lam5p0,2000.0,1000.0,5.0,559.5291,0.000758182146,10000
S3M_br,mMed2000_mDM1500_lam1p0,2000.0,1500.0,1.0,7.615813,1.7339602177539998e-05,10000
S3M_br,mMed2000_mDM1500_lam1p5,2000.0,1500.0,1.5,17.13558,2.26066134394e-05,10000
S3M_br,mMed2000_mDM1500_lam2p0,2000.0,1500.0,2.0,30.46325,2.97238140458e-05,10000
S3M_br,mMed2000_mDM1500_lam2p2,2000.0,1500.0,2.2,36.86053,3.2981409770299996e-05,10000
S3M_br,mMed2000_mDM1500_lam2p5,2000.0,1500.0,2.5,47.59883,3.8313615621e-05,10000
S3M_br,mMed2000_mDM1500_lam3p0,2000.0,1500.0,3.0,68.54231,4.9028890720999995e-05,10000
S3M_br,mMed2000_mDM1500_lam3p5,2000.0,1500.0,3.5,93.29371,6.1989398424e-05,10000
S3M_br,mMed2000_mDM1500_lam4p0,2000.0,1500.0,4.0,121.853,7.7049166649e-05,10000
S3M_br,mMed2000_mDM1500_lam4p5,2000.0,1500.0,4.5,154.2202,9.580816709e-05,10000
S3M_br,mMed2000_mDM1500_lam5p0,2000.0,1500.0,5.0,190.3953,0.00011825764092,10000
S3M_br,mMed2500_mDM1_lam1p0,2500.0,1.0,1.0,49.7359,0.00019557055053999998,10000
S3M_br,mMed2500_mDM1_lam1p5,2500.0,1.0,1.5,111.9058,0.0009989063514,10000
S3M_br,mMed2500_mDM1_lam2p0,2500.0,1.0,2.0,198.9436,0.00297107827031,10000
S3M_br,mMed2500_mDM1_lam2p2,2500.0,1.0,2.2,240.7218,0.0042985905002,10000
S3M_br,mMed2500_mDM1_lam2p5,2500.0,1.0,2.5,310.8494,0.007591270344,10000
S3M_br,mMed2500_mDM1_lam3p0,2500.0,1.0,3.0,447.6231,0.015664013186,10000
S3M_br,mMed2500_mDM1_lam3p5,2500.0,1.0,3.5,609.2648,0.029248761637,10000
S3M_br,mMed2500_mDM1_lam4p0,2500.0,1.0,4.0,795.7745,0.049686240803000006,10000
S3M_br,mMed2500_mDM1_lam4p5,2500.0,1.0,4.5,1007.152,0.078979074542,10000
S3M_br,mMed2500_mDM1_lam5p0,2500.0,1.0,5.0,1243.398,0.113521730046,10000
S3M_br,mMed2500_mDM10_lam1p0,2500.0,10.0,1.0,49.73433,0.00019637742474999998,10000
S3M_br,mMed2500_mDM10_lam1p5,2500.0,10.0,1.5,111.9022,0.00097127476035,10000
S3M_br,mMed2500_mDM10_lam2p0,2500.0,10.0,2.0,198.9373,0.0029616135544,10000
S3M_br,mMed2500_mDM10_lam2p2,2500.0,10.0,2.2,240.7141,0.004552628731,10000
S3M_br,mMed2500_mDM10_lam2p5,2500.0,10.0,2.5,310.8396,0.007607160669,10000
S3M_br,mMed2500_mDM10_lam3p0,2500.0,10.0,3.0,447.609,0.014666402293,10000
S3M_br,mMed2500_mDM10_lam3p5,2500.0,10.0,3.5,609.2455,0.026770169227000002,10000
S3M_br,mMed2500_mDM10_lam4p0,2500.0,10.0,4.0,795.7493,0.044674520509999996,10000
S3M_br,mMed2500_mDM10_lam4p5,2500.0,10.0,4.5,1007.12,0.08045926657,10000
S3M_br,mMed2500_mDM10_lam5p0,2500.0,10.0,5.0,1243.358,0.123800642052,10000
S3M_br,mMed2500_mDM50_lam1p0,2500.0,50.0,1.0,49.69614,0.00017063867122,10000
S3M_br,mMed2500_mDM50_lam1p5,2500.0,50.0,1.5,111.8163,0.0008475298521,10000
S3M_br,mMed2500_mDM50_lam2p0,2500.0,50.0,2.0,198.7846,0.0026745272189,10000
S3M_br,mMed2500_mDM50_lam2p2,2500.0,50.0,2.2,240.5293,0.003859332155,10000
S3M_br,mMed2500_mDM50_lam2p5,2500.0,50.0,2.5,310.6009,0.006399731836,10000
S3M_br,mMed2500_mDM50_lam3p0,2500.0,50.0,3.0,447.2653,0.013169571897,10000
S3M_br,mMed2500_mDM50_lam3p5,2500.0,50.0,3.5,608.7777,0.024684585386,10000
S3M_br,mMed2500_mDM50_lam4p0,2500.0,50.0,4.0,795.1382,0.041589570694,10000
S3M_br,mMed2500_mDM50_lam4p5,2500.0,50.0,4.5,1006.347,0.065271679265,10000
S3M_br,mMed2500_mDM50_lam5p0,2500.0,50.0,5.0,1242.403,0.101502789887,10000
S3M_br,mMed2500_mDM100_lam1p0,2500.0,100.0,1.0,49.57689,0.00012833119166000002,10000
S3M_br,mMed2500_mDM100_lam1p5,2500.0,100.0,1.5,111.548,0.0006246977395,10000
S3M_br,mMed2500_mDM100_lam2p0,2500.0,100.0,2.0,198.3076,0.0019526614666,10000
S3M_br,mMed2500_mDM100_lam2p2,2500.0,100.0,2.2,239.9522,0.002806288087,10000
S3M_br,mMed2500_mDM100_lam2p5,2500.0,100.0,2.5,309.8556,0.004659606414,10000
S3M_br,mMed2500_mDM100_lam3p0,2500.0,100.0,3.0,446.192,0.009640211562,10000
S3M_br,mMed2500_mDM100_lam3p5,2500.0,100.0,3.5,607.3169,0.017844963924,10000
S3M_br,mMed2500_mDM100_lam4p0,2500.0,100.0,4.0,793.2303,0.030484325815,10000
S3M_br,mMed2500_mDM100_lam4p5,2500.0,100.0,4.5,1003.932,0.048106479601,10000
S3M_br,mMed2500_mDM100_lam5p0,2500.0,100.0,5.0,1239.422,0.074359060425,10000
S3M_br,mMed2500_mDM200_lam1p0,2500.0,200.0,1.0,49.10134,6.993811053e-05,10000
S3M_br,mMed2500_mDM200_lam1p5,2500.0,200.0,1.5,110.478,0.0003347767737,10000
S3M_br,mMed2500_mDM200_lam2p0,2500.0,200.0,2.0,196.4053,0.0010162288419,10000
S3M_br,mMed2500_mDM200_lam2p2,2500.0,200.0,2.2,237.6505,0.001501756216,10000
S3M_br,mMed2500_mDM200_lam2p5,2500.0,200.0,2.5,306.8834,0.002457769921,10000
S3M_br,mMed2500_mDM200_lam3p0,2500.0,200.0,3.0,441.912,0.005004450755,10000
S3M_br,mMed2500_mDM200_lam3p5,2500.0,200.0,3.5,601.4914,0.009295833805,10000
S3M_br,mMed2500_mDM200_lam4p0,2500.0,200.0,4.0,785.6214,0.015934027342,10000
S3M_br,mMed2500_mDM200_lam4p5,2500.0,200.0,4.5,994.3021,0.025509628879,10000
S3M_br,mMed2500_mDM200_lam5p0,2500.0,200.0,5.0,1227.533,0.038823140548,10000
S3M_br,mMed2500_mDM500_lam1p0,2500.0,500.0,1.0,45.83662,1.604532964e-05,10000
S3M_br,mMed2500_mDM500_lam1p5,2500.0,500.0,1.5,103.1324,6.354056627e-05,10000
S3M_br,mMed2500_mDM500_lam2p0,2500.0,500.0,2.0,183.3465,0.0001822450015,10000
S3M_br,mMed2500_mDM500_lam2p2,2500.0,500.0,2.2,221.8493,0.0002618154002,10000
S3M_br,mMed2500_mDM500_lam2p5,2500.0,500.0,2.5,286.4789,0.0004137964363,10000
S3M_br,mMed2500_mDM500_lam3p0,2500.0,500.0,3.0,412.5296,0.0008433304360000001,10000
S3M_br,mMed2500_mDM500_lam3p5,2500.0,500.0,3.5,561.4986,0.001538692944,10000
S3M_br,mMed2500_mDM500_lam4p0,2500.0,500.0,4.0,733.386,0.002594146258,10000
S3M_br,mMed2500_mDM500_lam4p5,2500.0,500.0,4.5,928.1916,0.004120205296,10000
S3M_br,mMed2500_mDM500_lam5p0,2500.0,500.0,5.0,1145.916,0.006196908588,10000
S3M_br,mMed2500_mDM750_lam1p0,2500.0,750.0,1.0,41.18632,6.583058228e-06,10000
S3M_br,mMed2500_mDM750_lam1p5,2500.0,750.0,1.5,92.66921,2.069657515e-05,10000
S3M_br,mMed2500_mDM750_lam2p0,2500.0,750.0,2.0,164.7453,5.253076391e-05,10000
S3M_br,mMed2500_mDM750_lam2p2,2500.0,750.0,2.2,199.3418,7.334821710000001e-05,10000
S3M_br,mMed2500_mDM750_lam2p5,2500.0,750.0,2.5,257.4145,0.0001100631064,10000
S3M_br,mMed2500_mDM750_lam3p0,2500.0,750.0,3.0,370.6768,0.0002154388527,10000
S3M_br,mMed2500_mDM750_lam3p5,2500.0,750.0,3.5,504.5324,0.0003863961561,10000
S3M_br,mMed2500_mDM750_lam4p0,2500.0,750.0,4.0,658.981,0.000644978428,10000
S3M_br,mMed2500_mDM750_lam4p5,2500.0,750.0,4.5,834.0229,0.001010813428,10000
S3M_br,mMed2500_mDM750_lam5p0,2500.0,750.0,5.0,1029.658,0.001535579811,10000
S3M_br,mMed2500_mDM1000_lam1p0,2500.0,1000.0,1.0,35.09366,3.4988261307e-06,10000
S3M_br,mMed2500_mDM1000_lam1p5,2500.0,1000.0,1.5,78.96075,8.481556966e-06,10000
S3M_br,mMed2500_mDM1000_lam2p0,2500.0,1000.0,2.0,140.3747,1.843597133e-05,10000
S3M_br,mMed2500_mDM1000_lam2p2,2500.0,1000.0,2.2,169.8533,2.432674316e-05,10000
S3M_br,mMed2500_mDM1000_lam2p5,2500.0,1000.0,2.5,219.3354,3.626254567e-05,10000
S3M_br,mMed2500_mDM1000_lam3p0,2500.0,1000.0,3.0,315.843,6.22220154e-05,10000
S3M_br,mMed2500_mDM1000_lam3p5,2500.0,1000.0,3.5,429.8974,0.000106891049,10000
S3M_br,mMed2500_mDM1000_lam4p0,2500.0,1000.0,4.0,561.4986,0.0001734354843,10000
S3M_br,mMed2500_mDM1000_lam4p5,2500.0,1000.0,4.5,710.6467,0.0002697157157,10000
S3M_br,mMed2500_mDM1000_lam5p0,2500.0,1000.0,5.0,877.3416,0.0004009288944,10000
S3M_br,mMed2500_mDM1500_lam1p0,2500.0,1500.0,1.0,20.37183,1.63778670683e-06,10000
S3M_br,mMed2500_mDM1500_lam1p5,2500.0,1500.0,1.5,45.83662,2.6347504117e-06,10000
S3M_br,mMed2500_mDM1500_lam2p0,2500.0,1500.0,2.0,81.48733,4.1196954755e-06,10000
S3M_br,mMed2500_mDM1500_lam2p2,2500.0,1500.0,2.2,98.59967,4.8906501356999996e-06,10000
S3M_br,mMed2500_mDM1500_lam2p5,2500.0,1500.0,2.5,127.324,6.264342751e-06,10000
S3M_br,mMed2500_mDM1500_lam3p0,2500.0,1500.0,3.0,183.3465,9.249386841e-06,10000
S3M_br,mMed2500_mDM1500_lam3p5,2500.0,1500.0,3.5,249.555,1.3366951551e-05,10000
S3M_br,mMed2500_mDM1500_lam4p0,2500.0,1500.0,4.0,325.9493,1.7269197953e-05,10000
S3M_br,mMed2500_mDM1500_lam4p5,2500.0,1500.0,4.5,412.5296,2.456660175e-05,10000
S3M_br,mMed2500_mDM1500_lam5p0,2500.0,1500.0,5.0,509.2958,3.413361857e-05,10000
S3M_br,mMed2500_mDM2000_lam1p0,2500.0,2000.0,1.0,6.445775,1.1766002321162e-06,10000
S3M_br,mMed2500_mDM2000_lam1p5,2500.0,2000.0,1.5,14.50299,1.488007065587e-06,10000
S3M_br,mMed2500_mDM2000_lam2p0,2500.0,2000.0,2.0,25.7831,1.9063778245100001e-06,10000
S3M_br,mMed2500_mDM2000_lam2p2,2500.0,2000.0,2.2,31.19755,2.09778075974e-06,10000
S3M_br,mMed2500_mDM2000_lam2p5,2500.0,2000.0,2.5,40.28609,2.4115702137699997e-06,10000
S3M_br,mMed2500_mDM2000_lam3p0,2500.0,2000.0,3.0,58.01198,3.0185094303e-06,10000
S3M_br,mMed2500_mDM2000_lam3p5,2500.0,2000.0,3.5,78.96075,3.7315569113e-06,10000
S3M_br,mMed2500_mDM2000_lam4p0,2500.0,2000.0,4.0,103.1324,4.5750164406e-06,10000
S3M_br,mMed2500_mDM2000_lam4p5,2500.0,2000.0,4.5,130.5269,5.5658468834e-06,10000
S3M_br,mMed2500_mDM2000_lam5p0,2500.0,2000.0,5.0,161.1444,6.7516568167e-06,10000
